"VAX_TYPE","AE_NAME","Count"
"FLU","Abdominal discomfort",7
"FLU","Abdominal distension",3
"FLU","Abdominal pain",17
"FLU","Abdominal pain lower",1
"FLU","Abdominal pain upper",25
"FLU","Abdominal X-ray",1
"FLU","Abnormal behaviour",5
"FLU","Abortion spontaneous",6
"FLU","Abscess",2
"FLU","Acne",1
"FLU","Acoustic stimulation tests",1
"FLU","Acoustic stimulation tests abnormal",1
"FLU","Activated partial thromboplastin time abnormal",1
"FLU","Acupuncture",1
"FLU","Acute disseminated encephalomyelitis",2
"FLU","Acute kidney injury",2
"FLU","Adenovirus test",1
"FLU","Adenovirus test positive",1
"FLU","Administration site inflammation",1
"FLU","Administration site pain",2
"FLU","Adverse reaction",2
"FLU","Ageusia",3
"FLU","Aggression",2
"FLU","Agitation",1
"FLU","Alanine aminotransferase",1
"FLU","Alanine aminotransferase increased",1
"FLU","Alanine aminotransferase normal",1
"FLU","Albumin CSF increased",1
"FLU","Albumin globulin ratio",1
"FLU","Albumin urine present",2
"FLU","Alcohol use",1
"FLU","Aldolase normal",1
"FLU","Allergy test",4
"FLU","Allergy test negative",2
"FLU","Allergy test positive",2
"FLU","Allergy to animal",1
"FLU","Allergy to vaccine",2
"FLU","Alopecia",1
"FLU","Altered state of consciousness",4
"FLU","Amenorrhoea",1
"FLU","Amino acid level normal",1
"FLU","Amylase increased",1
"FLU","Amylase normal",1
"FLU","Anaemia",1
"FLU","Anaemia of pregnancy",1
"FLU","Anal incontinence",1
"FLU","Anaphylactic reaction",9
"FLU","Anaphylactic shock",1
"FLU","Anger",1
"FLU","Angioedema",6
"FLU","Angiogram",2
"FLU","Angiogram cerebral",1
"FLU","Angiogram normal",1
"FLU","Anion gap normal",1
"FLU","Anti-GAD antibody negative",2
"FLU","Anti-ganglioside antibody",1
"FLU","Anti-insulin antibody decreased",2
"FLU","Anti-islet cell antibody negative",2
"FLU","Anti-VGCC antibody",1
"FLU","Antibody test negative",3
"FLU","Antinuclear antibody",1
"FLU","Antinuclear antibody negative",1
"FLU","Antinuclear antibody positive",3
"FLU","Antiphospholipid antibodies",1
"FLU","Anxiety",13
"FLU","Aphasia",3
"FLU","Aphonia",2
"FLU","Apparent life threatening event",1
"FLU","Areflexia",4
"FLU","Arthralgia",67
"FLU","Arthritis",2
"FLU","Arthrogram",1
"FLU","Arthropathy",2
"FLU","Aspartate aminotransferase",1
"FLU","Aspartate aminotransferase increased",1
"FLU","Aspartate aminotransferase normal",1
"FLU","Asthenia",85
"FLU","Asthma",7
"FLU","Ataxia",2
"FLU","Atrial fibrillation",1
"FLU","Attention deficit/hyperactivity disorder",1
"FLU","Autism spectrum disorder",1
"FLU","Autoantibody positive",1
"FLU","Autoimmune disorder",1
"FLU","Autoimmune hepatitis",1
"FLU","Autoimmune thyroiditis",1
"FLU","Autonomic nervous system imbalance",2
"FLU","Axillary mass",1
"FLU","Axillary pain",11
"FLU","Back pain",48
"FLU","Bacterial infection",1
"FLU","Bacterial test negative",3
"FLU","Bacterial test positive",1
"FLU","Balance disorder",9
"FLU","Bartonella test negative",1
"FLU","Base excess negative",2
"FLU","Basophil count increased",1
"FLU","Basophil count normal",1
"FLU","Basophil percentage",1
"FLU","Basophil percentage increased",1
"FLU","Bedridden",2
"FLU","Beta globulin normal",1
"FLU","Bilirubin urine",2
"FLU","Biopsy skin abnormal",2
"FLU","Biopsy skin normal",1
"FLU","Blepharospasm",3
"FLU","Blindness",3
"FLU","Blindness unilateral",3
"FLU","Blister",12
"FLU","Blood albumin",1
"FLU","Blood albumin normal",1
"FLU","Blood alkaline phosphatase",1
"FLU","Blood alkaline phosphatase increased",1
"FLU","Blood alkaline phosphatase normal",1
"FLU","Blood bicarbonate normal",3
"FLU","Blood bilirubin",1
"FLU","Blood bilirubin normal",1
"FLU","Blood calcium",1
"FLU","Blood calcium increased",1
"FLU","Blood calcium normal",1
"FLU","Blood chloride",1
"FLU","Blood chloride normal",2
"FLU","Blood cholesterol normal",1
"FLU","Blood creatine phosphokinase",1
"FLU","Blood creatine phosphokinase increased",2
"FLU","Blood creatine phosphokinase MB increased",1
"FLU","Blood creatine phosphokinase normal",3
"FLU","Blood creatinine",1
"FLU","Blood creatinine increased",1
"FLU","Blood creatinine normal",2
"FLU","Blood culture",5
"FLU","Blood culture negative",6
"FLU","Blood electrolytes",1
"FLU","Blood electrolytes normal",1
"FLU","Blood glucose",6
"FLU","Blood glucose decreased",9
"FLU","Blood glucose fluctuation",1
"FLU","Blood glucose increased",4
"FLU","Blood glucose normal",17
"FLU","Blood immunoglobulin A normal",1
"FLU","Blood immunoglobulin G",1
"FLU","Blood immunoglobulin G normal",1
"FLU","Blood immunoglobulin M increased",1
"FLU","Blood iron decreased",1
"FLU","Blood iron increased",1
"FLU","Blood iron normal",1
"FLU","Blood ketone body absent",2
"FLU","Blood lactic acid decreased",1
"FLU","Blood lactic acid normal",2
"FLU","Blood magnesium normal",1
"FLU","Blood pH normal",2
"FLU","Blood phosphorus normal",1
"FLU","Blood potassium",1
"FLU","Blood potassium decreased",1
"FLU","Blood potassium normal",3
"FLU","Blood pressure decreased",3
"FLU","Blood pressure fluctuation",1
"FLU","Blood pressure increased",15
"FLU","Blood pressure measurement",1
"FLU","Blood sodium",1
"FLU","Blood sodium normal",3
"FLU","Blood test",26
"FLU","Blood test abnormal",1
"FLU","Blood test normal",9
"FLU","Blood testosterone decreased",2
"FLU","Blood thyroid stimulating hormone",2
"FLU","Blood thyroid stimulating hormone abnormal",1
"FLU","Blood thyroid stimulating hormone decreased",1
"FLU","Blood thyroid stimulating hormone normal",1
"FLU","Blood triglycerides normal",1
"FLU","Blood urea",1
"FLU","Blood urea increased",1
"FLU","Blood urea normal",2
"FLU","Blood uric acid normal",1
"FLU","Blood urine absent",1
"FLU","Blood urine present",1
"FLU","Body temperature decreased",2
"FLU","Body temperature fluctuation",1
"FLU","Body temperature increased",39
"FLU","Bone pain",5
"FLU","Borrelia test",4
"FLU","Borrelia test negative",4
"FLU","Bowel movement irregularity",1
"FLU","Breast cellulitis",1
"FLU","Breast pain",3
"FLU","Breath holding",1
"FLU","Breath sounds abnormal",1
"FLU","Bronchitis",2
"FLU","Burning sensation",33
"FLU","Bursitis",19
"FLU","C-reactive protein",1
"FLU","C-reactive protein increased",2
"FLU","C-reactive protein normal",5
"FLU","Calcinosis",1
"FLU","Capillary nail refill test",1
"FLU","Carbon dioxide",1
"FLU","Carbon dioxide increased",2
"FLU","Carbon dioxide normal",1
"FLU","Cardiac arrest",1
"FLU","Cardiac flutter",1
"FLU","Cardiac function test",1
"FLU","Cardiac monitoring",2
"FLU","Cardioversion",1
"FLU","Catatonia",1
"FLU","Catheterisation cardiac",1
"FLU","Catheterisation cardiac abnormal",1
"FLU","Cellulitis",51
"FLU","Central nervous system inflammation",3
"FLU","Cerebellar ataxia",1
"FLU","Cerebral calcification",1
"FLU","Cerebrovascular accident",1
"FLU","Cervical radiculopathy",1
"FLU","Cheilitis",4
"FLU","Chest discomfort",40
"FLU","Chest pain",32
"FLU","Chest X-ray",11
"FLU","Chest X-ray abnormal",3
"FLU","Chest X-ray normal",6
"FLU","Chills",135
"FLU","Chronic inflammatory demyelinating polyradiculoneuropathy",2
"FLU","Circumoral oedema",1
"FLU","Circumstance or information capable of leading to medication error",1
"FLU","Claustrophobia",1
"FLU","Cognitive disorder",5
"FLU","Cold sweat",18
"FLU","Complement factor C3",1
"FLU","Complement factor C4",1
"FLU","Complement factor normal",1
"FLU","Computerised tomogram",13
"FLU","Computerised tomogram abdomen",1
"FLU","Computerised tomogram abdomen abnormal",1
"FLU","Computerised tomogram abdomen normal",1
"FLU","Computerised tomogram abnormal",1
"FLU","Computerised tomogram head",6
"FLU","Computerised tomogram head abnormal",2
"FLU","Computerised tomogram head normal",9
"FLU","Computerised tomogram normal",13
"FLU","Computerised tomogram pelvis",1
"FLU","Computerised tomogram thorax normal",1
"FLU","Condition aggravated",19
"FLU","Confusional state",9
"FLU","Conjunctival hyperaemia",2
"FLU","Conjunctivitis",4
"FLU","Constipation",2
"FLU","Contraindication to vaccination",1
"FLU","Contusion",20
"FLU","Coordination abnormal",1
"FLU","Coronary arterial stent insertion",1
"FLU","Coronary artery stenosis",1
"FLU","Costochondritis",1
"FLU","Cough",55
"FLU","Coxsackie virus test",1
"FLU","Crepitations",1
"FLU","Crying",6
"FLU","CSF culture negative",1
"FLU","CSF glucose normal",2
"FLU","CSF immunoglobulin G index",1
"FLU","CSF immunoglobulin increased",1
"FLU","CSF monocyte count decreased",1
"FLU","CSF neutrophil count increased",1
"FLU","CSF oligoclonal band absent",2
"FLU","CSF oligoclonal band present",2
"FLU","CSF pressure increased",2
"FLU","CSF protein increased",4
"FLU","CSF protein normal",1
"FLU","CSF red blood cell count positive",1
"FLU","CSF virus no organisms observed",1
"FLU","CSF white blood cell count increased",2
"FLU","CSF white blood cell count negative",1
"FLU","Culture",4
"FLU","Culture negative",2
"FLU","Culture stool negative",1
"FLU","Culture throat",1
"FLU","Culture throat negative",1
"FLU","Culture urine",2
"FLU","Culture urine negative",2
"FLU","Cyanosis",6
"FLU","Cyst",1
"FLU","Cytomegalovirus test",1
"FLU","Cytomegalovirus test negative",3
"FLU","Dark circles under eyes",1
"FLU","Deafness",2
"FLU","Deafness transitory",1
"FLU","Deafness unilateral",2
"FLU","Death",2
"FLU","Decreased appetite",23
"FLU","Decreased eye contact",2
"FLU","Deep vein thrombosis",1
"FLU","Dehydration",6
"FLU","Delivery",1
"FLU","Delusion",2
"FLU","Demyelination",2
"FLU","Depressed level of consciousness",3
"FLU","Depression",2
"FLU","Dermatitis allergic",3
"FLU","Device leakage",1
"FLU","Dialysis",1
"FLU","Diarrhoea",38
"FLU","Diarrhoea haemorrhagic",1
"FLU","Diet refusal",1
"FLU","Differential white blood cell count",3
"FLU","Differential white blood cell count normal",2
"FLU","Diplopia",4
"FLU","Discomfort",15
"FLU","Disorientation",7
"FLU","Disturbance in attention",1
"FLU","Dizziness",220
"FLU","Dizziness postural",3
"FLU","Double stranded DNA antibody",1
"FLU","Drooling",4
"FLU","Drug administered at inappropriate site",34
"FLU","Drug administered to patient of inappropriate age",35
"FLU","Drug administration error",1
"FLU","Drug screen negative",2
"FLU","Dry eye",2
"FLU","Dry mouth",5
"FLU","Dry skin",3
"FLU","Dry throat",3
"FLU","Dysarthria",3
"FLU","Dysgeusia",9
"FLU","Dyskinesia",11
"FLU","Dyspepsia",2
"FLU","Dysphagia",16
"FLU","Dysphemia",1
"FLU","Dysphonia",12
"FLU","Dyspnoea",106
"FLU","Dysstasia",7
"FLU","Ear congestion",1
"FLU","Ear discomfort",3
"FLU","Ear disorder",1
"FLU","Ear pain",11
"FLU","Ear swelling",3
"FLU","Echocardiogram normal",2
"FLU","Ehrlichia test",1
"FLU","Ejection fraction normal",1
"FLU","Electrocardiogram",11
"FLU","Electrocardiogram change",1
"FLU","Electrocardiogram normal",10
"FLU","Electrocardiogram ST segment elevation",1
"FLU","Electroencephalogram",2
"FLU","Electroencephalogram abnormal",4
"FLU","Electroencephalogram normal",7
"FLU","Electrolyte imbalance",1
"FLU","Electromyogram",3
"FLU","Electromyogram abnormal",5
"FLU","Electromyogram normal",3
"FLU","Emotional distress",1
"FLU","Encephalitis autoimmune",1
"FLU","Endotracheal intubation",3
"FLU","Eosinophil count increased",1
"FLU","Eosinophil count normal",1
"FLU","Eosinophil percentage",2
"FLU","Epidermal necrosis",1
"FLU","Epilepsy",1
"FLU","Epistaxis",2
"FLU","Epstein-Barr virus antibody negative",2
"FLU","Epstein-Barr virus antibody positive",1
"FLU","Epstein-Barr virus infection",1
"FLU","Epstein-Barr virus test negative",3
"FLU","Epstein-Barr virus test positive",1
"FLU","Erectile dysfunction",1
"FLU","Erythema",248
"FLU","Erythema multiforme",2
"FLU","Erythema of eyelid",1
"FLU","Excessive eye blinking",1
"FLU","Exercise tolerance decreased",3
"FLU","Expired product administered",49
"FLU","Exposure during pregnancy",42
"FLU","Exposure to vaccinated person",1
"FLU","Exposure via skin contact",1
"FLU","Extensive swelling of vaccinated limb",3
"FLU","Extra dose administered",13
"FLU","Eye allergy",1
"FLU","Eye discharge",4
"FLU","Eye disorder",1
"FLU","Eye infection",1
"FLU","Eye irritation",3
"FLU","Eye movement disorder",10
"FLU","Eye oedema",2
"FLU","Eye pain",10
"FLU","Eye pruritus",12
"FLU","Eye swelling",25
"FLU","Eyelid function disorder",1
"FLU","Eyelid margin crusting",1
"FLU","Eyelid oedema",9
"FLU","Eyelid pain",1
"FLU","Eyelid ptosis",1
"FLU","Eyelid rash",2
"FLU","Eyelids pruritus",1
"FLU","Face injury",3
"FLU","Face oedema",4
"FLU","Facial pain",5
"FLU","Facial paralysis",19
"FLU","Facial paresis",3
"FLU","Fall",32
"FLU","Fatigue",113
"FLU","Fear",2
"FLU","Fear of injection",1
"FLU","Febrile convulsion",4
"FLU","Feeling abnormal",38
"FLU","Feeling cold",15
"FLU","Feeling drunk",1
"FLU","Feeling hot",39
"FLU","Feeling jittery",1
"FLU","Feeling of body temperature change",2
"FLU","Fibromyalgia",1
"FLU","Fine motor skill dysfunction",1
"FLU","Flank pain",3
"FLU","Fluid intake reduced",1
"FLU","Flushing",32
"FLU","Foaming at mouth",1
"FLU","Foetal death",2
"FLU","Foetal disorder",2
"FLU","Foetal heart rate abnormal",2
"FLU","Foetal hypokinesia",1
"FLU","Food allergy",3
"FLU","Food intolerance",1
"FLU","Fracture treatment",1
"FLU","Full blood count",17
"FLU","Full blood count abnormal",2
"FLU","Full blood count normal",24
"FLU","Functional gastrointestinal disorder",1
"FLU","Gait disturbance",26
"FLU","Gait inability",12
"FLU","Gastric disorder",3
"FLU","Gastritis",1
"FLU","Gastrointestinal disorder",1
"FLU","Gastrointestinal motility disorder",1
"FLU","Gastrointestinal viral infection",1
"FLU","Gaze palsy",1
"FLU","General physical health deterioration",1
"FLU","Generalised erythema",1
"FLU","Generalised tonic-clonic seizure",6
"FLU","Gingival disorder",1
"FLU","Gingival pain",1
"FLU","Gingival swelling",2
"FLU","Glomerular filtration rate",2
"FLU","Glossodynia",2
"FLU","Glucose urine absent",2
"FLU","Glucose urine present",2
"FLU","Glycosylated haemoglobin",1
"FLU","Glycosylated haemoglobin increased",2
"FLU","Glycosylated haemoglobin normal",1
"FLU","Granulocyte count",1
"FLU","Granulocyte percentage",2
"FLU","Grimacing",1
"FLU","Grip strength decreased",13
"FLU","Groin pain",1
"FLU","Guillain-Barre syndrome",32
"FLU","Haematocrit",1
"FLU","Haematocrit increased",1
"FLU","Haematocrit normal",7
"FLU","Haemoglobin",1
"FLU","Haemoglobin decreased",2
"FLU","Haemoglobin normal",8
"FLU","Haemolytic anaemia",1
"FLU","Haemoptysis",2
"FLU","Haemorrhage",6
"FLU","Hallucination",3
"FLU","Head discomfort",4
"FLU","Head injury",10
"FLU","Headache",206
"FLU","Heart rate decreased",4
"FLU","Heart rate increased",34
"FLU","Heart rate irregular",1
"FLU","Hemihypertrophy",1
"FLU","Hemiparesis",2
"FLU","Hemiplegia",1
"FLU","Henoch-Schonlein purpura",1
"FLU","Hepatic cirrhosis",1
"FLU","Hepatic enzyme increased",1
"FLU","Hepatitis A virus test",1
"FLU","Hepatitis B core antibody negative",30
"FLU","Hepatitis B core antibody positive",2
"FLU","Hepatitis B surface antibody negative",17
"FLU","Hepatitis B surface antibody positive",15
"FLU","Hepatitis B surface antigen negative",32
"FLU","Hepatitis B test negative",1
"FLU","Hepatitis C antibody negative",32
"FLU","Hepatitis C RNA negative",1
"FLU","Hepatitis C virus test",1
"FLU","Hepatitis viral test negative",2
"FLU","Herpes simplex test negative",1
"FLU","Herpes zoster",4
"FLU","High density lipoprotein",1
"FLU","High density lipoprotein normal",1
"FLU","Hirsutism",2
"FLU","HIV antibody negative",32
"FLU","HIV antigen negative",31
"FLU","HIV test",1
"FLU","HIV test negative",1
"FLU","Hot flush",8
"FLU","Human chorionic gonadotropin positive",2
"FLU","Humerus fracture",1
"FLU","Hydrocephalus",1
"FLU","Hyperacusis",2
"FLU","Hyperaesthesia",1
"FLU","Hypercalcaemia",1
"FLU","Hyperhidrosis",69
"FLU","Hyperphagia",1
"FLU","Hypersensitivity",37
"FLU","Hypersomnia",3
"FLU","Hypertension",5
"FLU","Hyperthyroidism",1
"FLU","Hypertonia",1
"FLU","Hyperventilation",4
"FLU","Hypoacusis",5
"FLU","Hypoaesthesia",132
"FLU","Hypoaesthesia eye",1
"FLU","Hypoaesthesia oral",17
"FLU","Hypoaesthesia teeth",1
"FLU","Hypoglycaemia",1
"FLU","Hypophagia",1
"FLU","Hypopnoea",1
"FLU","Hyporeflexia",3
"FLU","Hyporesponsive to stimuli",1
"FLU","Hyposmia",1
"FLU","Hypotension",6
"FLU","Hypothyroidism",1
"FLU","Hypotonia",2
"FLU","Idiopathic intracranial hypertension",1
"FLU","Immediate post-injection reaction",71
"FLU","Immune thrombocytopenic purpura",2
"FLU","Immunoglobulin therapy",14
"FLU","Immunoglobulins",1
"FLU","Immunology test",1
"FLU","Impaired driving ability",3
"FLU","Impaired work ability",17
"FLU","Inappropriate affect",1
"FLU","Inappropriate schedule of drug administration",4
"FLU","Incisional drainage",3
"FLU","Incoherent",2
"FLU","Incontinence",1
"FLU","Incorrect dose administered",17
"FLU","Incorrect route of drug administration",13
"FLU","Increased tendency to bruise",1
"FLU","Increased upper airway secretion",1
"FLU","Induration",26
"FLU","Infection",2
"FLU","Inflammation",12
"FLU","Inflammatory marker test",1
"FLU","Influenza",16
"FLU","Influenza A virus test",1
"FLU","Influenza A virus test negative",2
"FLU","Influenza A virus test positive",2
"FLU","Influenza B virus test",3
"FLU","Influenza B virus test positive",4
"FLU","Influenza like illness",21
"FLU","Influenza virus test",2
"FLU","Influenza virus test negative",8
"FLU","Influenza virus test positive",1
"FLU","Injected limb mobility decreased",82
"FLU","Injection site abscess",1
"FLU","Injection site atrophy",2
"FLU","Injection site bruising",20
"FLU","Injection site cellulitis",18
"FLU","Injection site discolouration",4
"FLU","Injection site discomfort",9
"FLU","Injection site erosion",1
"FLU","Injection site erythema",389
"FLU","Injection site exfoliation",1
"FLU","Injection site extravasation",4
"FLU","Injection site haemorrhage",6
"FLU","Injection site hypersensitivity",1
"FLU","Injection site hypoaesthesia",7
"FLU","Injection site induration",69
"FLU","Injection site infection",3
"FLU","Injection site inflammation",6
"FLU","Injection site irritation",1
"FLU","Injection site joint erythema",1
"FLU","Injection site joint movement impairment",3
"FLU","Injection site joint pain",6
"FLU","Injection site joint swelling",2
"FLU","Injection site mass",21
"FLU","Injection site movement impairment",3
"FLU","Injection site nerve damage",1
"FLU","Injection site nodule",10
"FLU","Injection site oedema",12
"FLU","Injection site pain",387
"FLU","Injection site papule",1
"FLU","Injection site paraesthesia",5
"FLU","Injection site pruritus",106
"FLU","Injection site rash",38
"FLU","Injection site reaction",62
"FLU","Injection site scab",3
"FLU","Injection site streaking",2
"FLU","Injection site swelling",304
"FLU","Injection site ulcer",1
"FLU","Injection site urticaria",28
"FLU","Injection site vesicles",15
"FLU","Injection site warmth",206
"FLU","Injury",1
"FLU","Insomnia",24
"FLU","Insulin C-peptide normal",2
"FLU","Intensive care",6
"FLU","International normalised ratio",1
"FLU","Iron binding capacity total increased",1
"FLU","Iron binding capacity total normal",1
"FLU","Irritability",4
"FLU","Joint contracture",1
"FLU","Joint crepitation",2
"FLU","Joint dislocation",2
"FLU","Joint effusion",1
"FLU","Joint injection",2
"FLU","Joint injury",2
"FLU","Joint instability",1
"FLU","Joint lock",1
"FLU","Joint range of motion decreased",33
"FLU","Joint stiffness",7
"FLU","Joint swelling",9
"FLU","Jugular vein thrombosis",1
"FLU","Kawasaki's disease",1
"FLU","Laboratory test",25
"FLU","Laboratory test abnormal",3
"FLU","Laboratory test normal",13
"FLU","Lacrimation increased",7
"FLU","Laryngitis",1
"FLU","Lethargy",15
"FLU","Ligament rupture",1
"FLU","Limb discomfort",12
"FLU","Limb injury",1
"FLU","Limb mass",4
"FLU","Lip haemorrhage",1
"FLU","Lip oedema",1
"FLU","Lip pain",1
"FLU","Lip pruritus",1
"FLU","Lip swelling",24
"FLU","Lipase increased",1
"FLU","Lipase normal",1
"FLU","Liver function test normal",5
"FLU","Local reaction",37
"FLU","Localised infection",1
"FLU","Localised oedema",2
"FLU","Loss of consciousness",64
"FLU","Loss of personal independence in daily activities",23
"FLU","Low density lipoprotein normal",1
"FLU","Lower respiratory tract infection",2
"FLU","Lumbar puncture",12
"FLU","Lumbar puncture abnormal",2
"FLU","Lumbar puncture normal",4
"FLU","Lung disorder",1
"FLU","Lung infiltration",1
"FLU","Lymph gland infection",1
"FLU","Lymph node pain",11
"FLU","Lymph node palpable",2
"FLU","Lymphadenitis",1
"FLU","Lymphadenopathy",31
"FLU","Lymphocyte count",1
"FLU","Lymphocyte count decreased",1
"FLU","Lymphocyte count normal",1
"FLU","Lymphocyte percentage",3
"FLU","Lymphocyte percentage decreased",1
"FLU","Lymphocyte percentage increased",1
"FLU","Macule",1
"FLU","Malabsorption",1
"FLU","Malaise",64
"FLU","Malaria antibody test",1
"FLU","Mass",12
"FLU","Maternal exposure before pregnancy",1
"FLU","Mean cell haemoglobin concentration decreased",1
"FLU","Mean cell haemoglobin concentration normal",1
"FLU","Mean cell haemoglobin decreased",1
"FLU","Mean cell haemoglobin normal",1
"FLU","Mean cell volume normal",2
"FLU","Mean platelet volume normal",2
"FLU","Mechanical ventilation",2
"FLU","Medical induction of coma",1
"FLU","Memory impairment",3
"FLU","Meningitis",3
"FLU","Meningitis viral",1
"FLU","Menorrhagia",1
"FLU","Mental status changes",3
"FLU","Metabolic encephalopathy",1
"FLU","Metabolic function test",10
"FLU","Metabolic function test normal",13
"FLU","Middle insomnia",5
"FLU","Migraine",18
"FLU","Moaning",1
"FLU","Mobility decreased",76
"FLU","Monocyte count",1
"FLU","Monocyte count decreased",1
"FLU","Monocyte count normal",1
"FLU","Monocyte percentage",1
"FLU","Monocyte percentage increased",2
"FLU","Mononucleosis heterophile test",1
"FLU","Mononucleosis heterophile test negative",3
"FLU","Mononucleosis heterophile test positive",1
"FLU","Mouth haemorrhage",1
"FLU","Mouth swelling",6
"FLU","Mouth ulceration",1
"FLU","Mucosal dryness",1
"FLU","Multiple sclerosis",1
"FLU","Multiple use of single-use product",32
"FLU","Mumps",1
"FLU","Muscle contractions involuntary",4
"FLU","Muscle contracture",2
"FLU","Muscle electrostimulation therapy",1
"FLU","Muscle fatigue",1
"FLU","Muscle haemorrhage",1
"FLU","Muscle rigidity",2
"FLU","Muscle spasms",18
"FLU","Muscle strain",1
"FLU","Muscle tightness",6
"FLU","Muscle twitching",7
"FLU","Muscular weakness",54
"FLU","Musculoskeletal chest pain",1
"FLU","Musculoskeletal discomfort",1
"FLU","Musculoskeletal disorder",4
"FLU","Musculoskeletal pain",76
"FLU","Musculoskeletal stiffness",33
"FLU","Myalgia",70
"FLU","Mycoplasma test",1
"FLU","Mycoplasma test positive",1
"FLU","Mydriasis",1
"FLU","Myelitis",1
"FLU","Myelitis transverse",6
"FLU","Myocardial infarction",1
"FLU","Myoclonus",1
"FLU","Myositis",1
"FLU","Nasal congestion",11
"FLU","Nasal inflammation",1
"FLU","Nasopharyngitis",9
"FLU","Nausea",172
"FLU","Neck mass",1
"FLU","Neck pain",60
"FLU","Needle issue",1
"FLU","Nerve conduction studies",2
"FLU","Nerve conduction studies abnormal",2
"FLU","Nerve conduction studies normal",1
"FLU","Nerve injury",5
"FLU","Nervous system disorder",1
"FLU","Nervousness",4
"FLU","Neuralgia",7
"FLU","Neuralgic amyotrophy",5
"FLU","Neurological examination",1
"FLU","Neurological examination normal",3
"FLU","Neurological symptom",2
"FLU","Neuromyelitis optica spectrum disorder",1
"FLU","Neuropathy peripheral",3
"FLU","Neutrophil count",1
"FLU","Neutrophil count increased",1
"FLU","Neutrophil count normal",1
"FLU","Neutrophil percentage",2
"FLU","Neutrophil percentage increased",2
"FLU","Night sweats",7
"FLU","Nitrite urine absent",2
"FLU","No adverse event",237
"FLU","Nocturia",2
"FLU","Nodule",11
"FLU","Nuclear magnetic resonance imaging",25
"FLU","Nuclear magnetic resonance imaging abnormal",20
"FLU","Nuclear magnetic resonance imaging brain",6
"FLU","Nuclear magnetic resonance imaging brain abnormal",3
"FLU","Nuclear magnetic resonance imaging brain normal",6
"FLU","Nuclear magnetic resonance imaging normal",8
"FLU","Nuclear magnetic resonance imaging spinal",3
"FLU","Nuclear magnetic resonance imaging spinal abnormal",6
"FLU","Nuclear magnetic resonance imaging spinal normal",1
"FLU","Nuclear magnetic resonance imaging thoracic",1
"FLU","Nuclear magnetic resonance imaging thoracic abnormal",1
"FLU","Occipital neuralgia",3
"FLU","Occult blood positive",1
"FLU","Ocular discomfort",2
"FLU","Ocular hyperaemia",17
"FLU","Oculorespiratory syndrome",1
"FLU","Odynophagia",2
"FLU","Oedema",5
"FLU","Oedema peripheral",11
"FLU","Oedematous pancreatitis",1
"FLU","Oesophageal discomfort",1
"FLU","Oestradiol normal",1
"FLU","Ophthalmoplegia",1
"FLU","Opisthotonus",3
"FLU","Optic neuritis",3
"FLU","Oral discomfort",3
"FLU","Oral herpes",1
"FLU","Oral mucosal eruption",1
"FLU","Oral mucosal erythema",3
"FLU","Oral pruritus",8
"FLU","Oropharyngeal pain",47
"FLU","Oropharyngeal swelling",1
"FLU","Orthopaedic examination abnormal",1
"FLU","Orthostatic intolerance",1
"FLU","Otitis media",1
"FLU","Otorrhoea",1
"FLU","Overdose",2
"FLU","Oxygen saturation",1
"FLU","Oxygen saturation decreased",3
"FLU","Pain",308
"FLU","Pain in extremity",284
"FLU","Pain in jaw",6
"FLU","Pain of skin",4
"FLU","Painful respiration",2
"FLU","Pallor",42
"FLU","Palpitations",15
"FLU","Pancreatic enlargement",1
"FLU","Pancreatitis acute",2
"FLU","Panic attack",4
"FLU","Panic reaction",1
"FLU","Papilloedema",1
"FLU","Papule",2
"FLU","Paraesthesia",125
"FLU","Paraesthesia oral",23
"FLU","Paralysis",7
"FLU","Paranasal sinus hypersecretion",2
"FLU","Paranoia",1
"FLU","Parenteral nutrition",1
"FLU","Parotitis",1
"FLU","Parvovirus B19 test positive",1
"FLU","Peak expiratory flow rate",1
"FLU","Periarthritis",7
"FLU","Pericardial effusion",1
"FLU","Pericarditis",1
"FLU","Periorbital oedema",2
"FLU","Peripheral coldness",9
"FLU","Peripheral swelling",133
"FLU","Peroneal nerve palsy",1
"FLU","Personality change",2
"FLU","Petechiae",3
"FLU","pH urine normal",1
"FLU","Phalen's test positive",1
"FLU","Pharyngeal disorder",2
"FLU","Pharyngeal erythema",1
"FLU","Pharyngeal hypoaesthesia",3
"FLU","Pharyngeal oedema",23
"FLU","Pharyngeal paraesthesia",3
"FLU","Pharyngitis",3
"FLU","Phonophobia",2
"FLU","Photophobia",3
"FLU","Photopsia",2
"FLU","Piloerection",1
"FLU","Pineal gland cyst",1
"FLU","Plasmapheresis",4
"FLU","Platelet count",1
"FLU","Platelet count decreased",4
"FLU","Platelet count increased",1
"FLU","Platelet count normal",7
"FLU","Pneumonia",5
"FLU","Pollakiuria",1
"FLU","Polydipsia",2
"FLU","Polymerase chain reaction",2
"FLU","Polyuria",2
"FLU","Poor quality sleep",2
"FLU","Portal hypertension",1
"FLU","Post procedural complication",1
"FLU","Postural orthostatic tachycardia syndrome",1
"FLU","Posture abnormal",5
"FLU","Posturing",1
"FLU","Pregnancy test positive",1
"FLU","Pregnancy test urine negative",3
"FLU","Prenatal screening test",1
"FLU","Presyncope",21
"FLU","Product contamination",1
"FLU","Product leakage",1
"FLU","Product physical issue",1
"FLU","Product storage error",212
"FLU","Productive cough",4
"FLU","Protein total",1
"FLU","Protein total normal",1
"FLU","Protein urine absent",2
"FLU","Protein urine present",1
"FLU","Prothrombin time",1
"FLU","Pruritus",172
"FLU","Pruritus generalised",32
"FLU","Pulmonary thrombosis",1
"FLU","Purpura",1
"FLU","Purulent discharge",1
"FLU","Pyrexia",289
"FLU","Quadriplegia",1
"FLU","Quality of life decreased",2
"FLU","Radiculitis brachial",1
"FLU","Radiculopathy",1
"FLU","Radioallergosorbent test",1
"FLU","Radioallergosorbent test negative",1
"FLU","Rash",129
"FLU","Rash erythematous",39
"FLU","Rash generalised",28
"FLU","Rash macular",21
"FLU","Rash maculo-papular",7
"FLU","Rash papular",3
"FLU","Rash pruritic",23
"FLU","Rash pustular",2
"FLU","Rash vesicular",6
"FLU","Red blood cell count normal",3
"FLU","Red blood cell sedimentation rate",3
"FLU","Red blood cell sedimentation rate increased",2
"FLU","Red blood cell sedimentation rate normal",5
"FLU","Red blood cells urine negative",1
"FLU","Red blood cells urine positive",1
"FLU","Red cell distribution width increased",1
"FLU","Red cell distribution width normal",1
"FLU","Reflexes abnormal",1
"FLU","Removal of foreign body",1
"FLU","Renal pain",1
"FLU","Repetitive strain injury",1
"FLU","Respiration abnormal",1
"FLU","Respiratory disorder",3
"FLU","Respiratory distress",3
"FLU","Respiratory failure",4
"FLU","Respiratory rate increased",4
"FLU","Respiratory tract congestion",13
"FLU","Respiratory tract infection",1
"FLU","Resuscitation",3
"FLU","Retching",4
"FLU","Rhabdomyolysis",1
"FLU","Rheumatoid arthritis",2
"FLU","Rheumatoid factor negative",1
"FLU","Rheumatoid factor positive",1
"FLU","Rhinitis",1
"FLU","Rhinitis allergic",1
"FLU","Rhinorrhoea",18
"FLU","Rotator cuff repair",1
"FLU","Rotator cuff syndrome",12
"FLU","Salivary hypersecretion",2
"FLU","Sarcoidosis",1
"FLU","Scab",3
"FLU","Scan",1
"FLU","Scan with contrast",1
"FLU","Scleral hyperaemia",1
"FLU","Scratch",1
"FLU","Screaming",3
"FLU","Secretion discharge",1
"FLU","Seizure",28
"FLU","Seizure like phenomena",9
"FLU","Sensation of foreign body",8
"FLU","Sensory disturbance",8
"FLU","Sensory loss",4
"FLU","Seroma",1
"FLU","Serum ferritin decreased",1
"FLU","Serum ferritin increased",1
"FLU","Serum sickness",2
"FLU","Sexual dysfunction",1
"FLU","Shift to the left",1
"FLU","Shock",1
"FLU","Shoulder operation",1
"FLU","Sinus congestion",1
"FLU","Sinus headache",1
"FLU","Sinusitis",1
"FLU","Skin burning sensation",1
"FLU","Skin discolouration",10
"FLU","Skin disorder",2
"FLU","Skin exfoliation",5
"FLU","Skin fissures",1
"FLU","Skin infection",1
"FLU","Skin lesion",13
"FLU","Skin papilloma",1
"FLU","Skin reaction",2
"FLU","Skin swelling",2
"FLU","Skin tightness",6
"FLU","Skin warm",103
"FLU","Sleep disorder",12
"FLU","Sleep study",1
"FLU","Slow response to stimuli",1
"FLU","Slow speech",1
"FLU","Small fibre neuropathy",1
"FLU","Smear test",1
"FLU","Smooth muscle antibody positive",1
"FLU","Sneezing",4
"FLU","Snoring",1
"FLU","Soft tissue swelling",2
"FLU","Somnolence",16
"FLU","Specific gravity urine normal",2
"FLU","Speech disorder",7
"FLU","Spinal X-ray",2
"FLU","Spinal X-ray normal",1
"FLU","Splenomegaly",1
"FLU","Staring",4
"FLU","Stevens-Johnson syndrome",1
"FLU","Stool analysis",1
"FLU","Stool analysis normal",1
"FLU","Streptococcus test",4
"FLU","Streptococcus test negative",10
"FLU","Stress",1
"FLU","Stridor",2
"FLU","Subcutaneous abscess",1
"FLU","Sudden hearing loss",1
"FLU","Suture insertion",1
"FLU","Sweat test abnormal",1
"FLU","Swelling",111
"FLU","Swelling face",39
"FLU","Swollen tongue",17
"FLU","Syncope",70
"FLU","Syringe issue",3
"FLU","Systemic inflammatory response syndrome",1
"FLU","Systemic lupus erythematosus",1
"FLU","Tachycardia",12
"FLU","Tachyphrenia",1
"FLU","Tenderness",48
"FLU","Tendon disorder",6
"FLU","Tendon rupture",1
"FLU","Tendonitis",7
"FLU","Tension",3
"FLU","Tetanus",1
"FLU","Thinking abnormal",1
"FLU","Thirst",3
"FLU","Throat irritation",35
"FLU","Throat tightness",41
"FLU","Thrombocytopenia",1
"FLU","Thyroid disorder",1
"FLU","Thyroxine decreased",1
"FLU","Thyroxine free normal",1
"FLU","Tic",5
"FLU","Tilt table test normal",1
"FLU","Tilt table test positive",1
"FLU","Tinnitus",10
"FLU","Tongue blistering",1
"FLU","Tongue discolouration",1
"FLU","Tongue disorder",5
"FLU","Tongue pruritus",3
"FLU","Tonic clonic movements",3
"FLU","Tonic convulsion",1
"FLU","Tonsillitis",2
"FLU","Tooth fracture",1
"FLU","Total cholesterol/HDL ratio",1
"FLU","Tracheal inflammation",1
"FLU","Transferrin saturation decreased",1
"FLU","Transient ischaemic attack",1
"FLU","Tremor",46
"FLU","Treponema test",1
"FLU","Treponema test negative",2
"FLU","Trismus",4
"FLU","Troponin increased",1
"FLU","Troponin normal",1
"FLU","Tuberculin test",1
"FLU","Tunnel vision",1
"FLU","Type 1 diabetes mellitus",2
"FLU","Type 2 diabetes mellitus",1
"FLU","Type III immune complex mediated reaction",4
"FLU","Type IV hypersensitivity reaction",1
"FLU","Ultrasound abdomen normal",1
"FLU","Ultrasound antenatal screen",1
"FLU","Ultrasound antenatal screen abnormal",2
"FLU","Ultrasound antenatal screen normal",1
"FLU","Ultrasound Doppler",1
"FLU","Ultrasound joint",1
"FLU","Ultrasound pelvis normal",1
"FLU","Ultrasound scan",9
"FLU","Ultrasound scan abnormal",1
"FLU","Ultrasound scan normal",4
"FLU","Ultrasound therapy",1
"FLU","Underdose",36
"FLU","Unevaluable event",14
"FLU","Unresponsive to stimuli",13
"FLU","Upper-airway cough syndrome",1
"FLU","Urinary hesitation",1
"FLU","Urinary incontinence",7
"FLU","Urinary retention",2
"FLU","Urinary sediment present",1
"FLU","Urinary tract infection",1
"FLU","Urine abnormality",1
"FLU","Urine alcohol test negative",1
"FLU","Urine analysis",6
"FLU","Urine analysis normal",6
"FLU","Urine bilirubin decreased",1
"FLU","Urine cannabinoids increased",1
"FLU","Urine ketone body absent",2
"FLU","Urine ketone body present",3
"FLU","Urine leukocyte esterase",1
"FLU","Urine leukocyte esterase positive",1
"FLU","Urine output decreased",1
"FLU","Urobilinogen urine",1
"FLU","Urobilinogen urine decreased",1
"FLU","Urticaria",167
"FLU","Vaccination complication",22
"FLU","Vaccination error",1
"FLU","Vaccination failure",3
"FLU","Vaccination site cellulitis",1
"FLU","Vaccination site erythema",8
"FLU","Vaccination site haemorrhage",1
"FLU","Vaccination site induration",1
"FLU","Vaccination site infection",1
"FLU","Vaccination site nodule",1
"FLU","Vaccination site oedema",2
"FLU","Vaccination site pain",12
"FLU","Vaccination site papule",1
"FLU","Vaccination site paraesthesia",1
"FLU","Vaccination site rash",3
"FLU","Vaccination site reaction",2
"FLU","Vaccination site swelling",17
"FLU","Vaccination site warmth",8
"FLU","Vaccine positive rechallenge",1
"FLU","Vaginal haemorrhage",1
"FLU","Valsalva maneuver",1
"FLU","Varicella post vaccine",1
"FLU","Varicella virus test",1
"FLU","Varicella virus test negative",1
"FLU","Vasculitis",1
"FLU","Venogram",1
"FLU","Ventricular extrasystoles",1
"FLU","Ventricular fibrillation",1
"FLU","Vertigo",16
"FLU","Vessel puncture site erythema",1
"FLU","Vestibular neuronitis",1
"FLU","Viral infection",2
"FLU","Viral test",2
"FLU","Viral test negative",1
"FLU","Viral upper respiratory tract infection",1
"FLU","Vision blurred",20
"FLU","Visual acuity reduced",1
"FLU","Visual field defect",1
"FLU","Visual impairment",8
"FLU","Vitamin B12",1
"FLU","Vitamin B12 deficiency",1
"FLU","Vitamin B12 normal",2
"FLU","Vitamin D",1
"FLU","Vitamin D deficiency",1
"FLU","VIth nerve paralysis",1
"FLU","Vomiting",112
"FLU","Vomiting projectile",1
"FLU","Vulval ulceration",1
"FLU","Weight bearing difficulty",6
"FLU","Weight decreased",7
"FLU","West Nile virus test",1
"FLU","Wheezing",31
"FLU","White blood cell count",2
"FLU","White blood cell count decreased",1
"FLU","White blood cell count increased",8
"FLU","White blood cell count normal",7
"FLU","White blood cells urine negative",3
"FLU","White blood cells urine positive",1
"FLU","White matter lesion",1
"FLU","Winged scapula",1
"FLU","Wound",1
"FLU","Wrong drug administered",25
"FLU","Wrong technique in product usage process",32
"FLU","X-ray",9
"FLU","X-ray limb",8
"FLU","X-ray limb abnormal",1
"FLU","X-ray limb normal",5
"FLU","X-ray normal",7
"FLU","Yawning",1
"FLU","Yellow skin",1
"FLUN","Abdominal pain",5
"FLUN","Abdominal pain lower",1
"FLUN","Abdominal pain upper",12
"FLUN","Abnormal behaviour",2
"FLUN","Activated partial thromboplastin time normal",1
"FLUN","Adenovirus test",1
"FLUN","Adenovirus test positive",1
"FLUN","Aggression",2
"FLUN","Agitation",1
"FLUN","Alanine aminotransferase increased",2
"FLUN","Allergy to animal",2
"FLUN","Allergy to plants",1
"FLUN","Altered state of consciousness",1
"FLUN","Amylase",1
"FLUN","Anaphylactic reaction",2
"FLUN","Angiogram cerebral",1
"FLUN","Anti-transglutaminase antibody negative",1
"FLUN","Antibody test negative",1
"FLUN","Antinuclear antibody negative",1
"FLUN","Anxiety",4
"FLUN","Areflexia",3
"FLUN","Arthralgia",4
"FLUN","Aspartate aminotransferase increased",1
"FLUN","Asthenia",6
"FLUN","Asthenopia",1
"FLUN","Asthma",2
"FLUN","Ataxia",1
"FLUN","Autoimmune disorder",1
"FLUN","Back pain",1
"FLUN","Bacterial test",1
"FLUN","Bacterial test positive",2
"FLUN","Balance disorder",1
"FLUN","Basophil count decreased",1
"FLUN","Basophil count normal",1
"FLUN","Basophil percentage decreased",1
"FLUN","Bilirubin urine",1
"FLUN","Bladder dysfunction",1
"FLUN","Blood albumin decreased",1
"FLUN","Blood albumin normal",1
"FLUN","Blood alkaline phosphatase normal",1
"FLUN","Blood bilirubin increased",1
"FLUN","Blood calcium normal",1
"FLUN","Blood chloride decreased",1
"FLUN","Blood chloride increased",1
"FLUN","Blood creatine phosphokinase",1
"FLUN","Blood creatine phosphokinase increased",1
"FLUN","Blood creatinine normal",1
"FLUN","Blood culture negative",1
"FLUN","Blood folate normal",1
"FLUN","Blood glucose",1
"FLUN","Blood glucose increased",2
"FLUN","Blood glucose normal",3
"FLUN","Blood potassium normal",1
"FLUN","Blood sodium normal",1
"FLUN","Blood test",2
"FLUN","Blood test normal",2
"FLUN","Blood thyroid stimulating hormone",1
"FLUN","Blood urea normal",1
"FLUN","Blood uric acid increased",1
"FLUN","Blood urine present",2
"FLUN","Body temperature increased",2
"FLUN","Borrelia test negative",1
"FLUN","Bradycardia",1
"FLUN","Breath holding",1
"FLUN","Bronchitis",1
"FLUN","Bronchoalveolar lavage abnormal",1
"FLUN","Bronchoscopy abnormal",1
"FLUN","Burning sensation",3
"FLUN","C-reactive protein",1
"FLUN","C-reactive protein increased",3
"FLUN","Caesarean section",1
"FLUN","Carbon dioxide increased",1
"FLUN","Cardiac monitoring normal",1
"FLUN","Cellulitis",3
"FLUN","Central nervous system infection",1
"FLUN","Chest discomfort",3
"FLUN","Chest pain",5
"FLUN","Chest X-ray abnormal",4
"FLUN","Chest X-ray normal",1
"FLUN","Chills",7
"FLUN","Chorea",1
"FLUN","Chromaturia",1
"FLUN","Circumstance or information capable of leading to medication error",3
"FLUN","Cognitive disorder",1
"FLUN","Cold sweat",2
"FLUN","Coma",1
"FLUN","Computerised tomogram",1
"FLUN","Computerised tomogram head",1
"FLUN","Computerised tomogram head abnormal",1
"FLUN","Computerised tomogram head normal",3
"FLUN","Condition aggravated",3
"FLUN","Conjunctivitis",1
"FLUN","Conjunctivitis bacterial",1
"FLUN","Constipation",1
"FLUN","Contraindication to vaccination",2
"FLUN","Contusion",3
"FLUN","Cough",26
"FLUN","Crohn's disease",1
"FLUN","Croup infectious",4
"FLUN","Crying",6
"FLUN","CSF cell count increased",1
"FLUN","CSF glucose normal",1
"FLUN","CSF mononuclear cell count increased",1
"FLUN","CSF neutrophil count increased",1
"FLUN","CSF protein increased",2
"FLUN","CSF white blood cell count increased",1
"FLUN","Culture",1
"FLUN","Culture stool negative",1
"FLUN","Culture urine",1
"FLUN","Culture urine negative",1
"FLUN","Cyanosis",2
"FLUN","Cytomegalovirus test negative",1
"FLUN","Death",1
"FLUN","Decreased activity",1
"FLUN","Decreased appetite",4
"FLUN","Decreased vibratory sense",1
"FLUN","Dermatitis contact",1
"FLUN","Developmental regression",1
"FLUN","Diarrhoea",9
"FLUN","Differential white blood cell count normal",1
"FLUN","Disorientation",1
"FLUN","Disturbance in attention",1
"FLUN","Dizziness",13
"FLUN","Drug administered to patient of inappropriate age",2
"FLUN","Drug administration error",1
"FLUN","Drug hypersensitivity",1
"FLUN","Drug ineffective",1
"FLUN","Dry eye",1
"FLUN","Dysgraphia",1
"FLUN","Dyskinesia",5
"FLUN","Dysphagia",2
"FLUN","Dysphemia",1
"FLUN","Dyspnoea",10
"FLUN","Dysstasia",2
"FLUN","Dysuria",1
"FLUN","Ear pain",1
"FLUN","Ear swelling",1
"FLUN","Echocardiogram normal",1
"FLUN","Electrocardiogram",1
"FLUN","Electrocardiogram normal",1
"FLUN","Electroencephalogram",3
"FLUN","Electroencephalogram normal",1
"FLUN","Electromyogram abnormal",2
"FLUN","Emotional distress",1
"FLUN","Encephalitis",3
"FLUN","Encephalitis viral",1
"FLUN","Enterovirus test negative",1
"FLUN","Enuresis",1
"FLUN","Eosinophil count decreased",1
"FLUN","Eosinophil count normal",1
"FLUN","Eosinophil percentage decreased",1
"FLUN","Eosinophil percentage increased",1
"FLUN","Epistaxis",5
"FLUN","Eructation",1
"FLUN","Erythema",21
"FLUN","Erythema multiforme",2
"FLUN","Excessive eye blinking",3
"FLUN","Expired product administered",47
"FLUN","Exposure during pregnancy",6
"FLUN","Exposure via direct contact",2
"FLUN","Extra dose administered",7
"FLUN","Eye discharge",1
"FLUN","Eye movement disorder",1
"FLUN","Eye pain",4
"FLUN","Eye pruritus",2
"FLUN","Eyelid oedema",2
"FLUN","Eyelids pruritus",1
"FLUN","Face and mouth X-ray",1
"FLUN","Face injury",2
"FLUN","Face oedema",2
"FLUN","Facial pain",1
"FLUN","Facial paralysis",2
"FLUN","Facial paresis",1
"FLUN","Fall",5
"FLUN","Fatigue",11
"FLUN","Febrile convulsion",1
"FLUN","Feeling abnormal",3
"FLUN","Feeling cold",1
"FLUN","Feeling hot",3
"FLUN","Flushing",1
"FLUN","Foetal disorder",1
"FLUN","Food allergy",1
"FLUN","Full blood count",5
"FLUN","Full blood count normal",5
"FLUN","Gait disturbance",3
"FLUN","Gait inability",2
"FLUN","Gastroenteritis",1
"FLUN","Gastrooesophageal reflux disease",1
"FLUN","Generalised tonic-clonic seizure",3
"FLUN","Glomerular filtration rate normal",1
"FLUN","Glucose urine absent",1
"FLUN","Grip strength decreased",1
"FLUN","Guillain-Barre syndrome",3
"FLUN","H1N1 influenza",1
"FLUN","Haematochezia",1
"FLUN","Haematocrit normal",1
"FLUN","Haemoglobin normal",2
"FLUN","Haemoglobin urine absent",1
"FLUN","Head injury",3
"FLUN","Headache",36
"FLUN","Heart rate decreased",1
"FLUN","Helicobacter test negative",1
"FLUN","Hemiparesis",1
"FLUN","Henoch-Schonlein purpura",1
"FLUN","Herpes zoster",1
"FLUN","Human chorionic gonadotropin increased",1
"FLUN","Human metapneumovirus test",1
"FLUN","Hyperhidrosis",4
"FLUN","Hypersensitivity",3
"FLUN","Hypersomnia",1
"FLUN","Hypoaesthesia",2
"FLUN","Hypoglycaemia",1
"FLUN","Hyporeflexia",1
"FLUN","Hyporesponsive to stimuli",2
"FLUN","Hypotension",2
"FLUN","Hypotonia",1
"FLUN","Immediate post-injection reaction",6
"FLUN","Immunoglobulin therapy",4
"FLUN","Inappropriate schedule of drug administration",2
"FLUN","Incorrect dose administered",1
"FLUN","Indifference",1
"FLUN","Induration",3
"FLUN","Inflammation",1
"FLUN","Influenza",3
"FLUN","Influenza A virus test negative",2
"FLUN","Influenza A virus test positive",5
"FLUN","Influenza B virus test",1
"FLUN","Influenza B virus test positive",5
"FLUN","Influenza like illness",4
"FLUN","Influenza virus test negative",4
"FLUN","Influenza virus test positive",1
"FLUN","Injected limb mobility decreased",1
"FLUN","Injection site bruising",2
"FLUN","Injection site cellulitis",1
"FLUN","Injection site erythema",19
"FLUN","Injection site haemorrhage",1
"FLUN","Injection site hypoaesthesia",1
"FLUN","Injection site induration",7
"FLUN","Injection site nodule",1
"FLUN","Injection site pain",10
"FLUN","Injection site pruritus",3
"FLUN","Injection site rash",2
"FLUN","Injection site reaction",3
"FLUN","Injection site swelling",11
"FLUN","Injection site urticaria",2
"FLUN","Injection site warmth",5
"FLUN","Intensive care",3
"FLUN","Intentional product misuse",1
"FLUN","International normalised ratio normal",1
"FLUN","Interstitial lung disease",1
"FLUN","Irritability",1
"FLUN","Joint range of motion decreased",1
"FLUN","Joint stiffness",1
"FLUN","Laboratory test",1
"FLUN","Laboratory test normal",1
"FLUN","Lacrimation increased",2
"FLUN","Lethargy",2
"FLUN","Lip injury",1
"FLUN","Lip pruritus",1
"FLUN","Lip swelling",4
"FLUN","Lipase",1
"FLUN","Lipase normal",1
"FLUN","Local reaction",5
"FLUN","Loss of consciousness",10
"FLUN","Loss of personal independence in daily activities",3
"FLUN","Lumbar puncture abnormal",1
"FLUN","Lumbar puncture normal",1
"FLUN","Lymphadenopathy",2
"FLUN","Lymphocyte count decreased",1
"FLUN","Lymphocyte count normal",1
"FLUN","Lymphocyte percentage decreased",1
"FLUN","Malaise",8
"FLUN","Mass",3
"FLUN","Mean cell haemoglobin concentration normal",1
"FLUN","Mean cell haemoglobin normal",1
"FLUN","Mean cell volume normal",1
"FLUN","Meningitis",1
"FLUN","Meningitis aseptic",1
"FLUN","Mental status changes",2
"FLUN","Metabolic function test",4
"FLUN","Metabolic function test normal",3
"FLUN","Middle insomnia",1
"FLUN","Mite allergy",1
"FLUN","Mobility decreased",2
"FLUN","Monocyte count normal",1
"FLUN","Monocyte percentage increased",1
"FLUN","Mood swings",1
"FLUN","Mouth ulceration",1
"FLUN","Mumps antibody test negative",1
"FLUN","Muscle spasms",1
"FLUN","Muscle twitching",3
"FLUN","Muscular weakness",5
"FLUN","Musculoskeletal chest pain",1
"FLUN","Musculoskeletal pain",1
"FLUN","Musculoskeletal stiffness",1
"FLUN","Myalgia",3
"FLUN","Mydriasis",1
"FLUN","Myopia",1
"FLUN","Nasal congestion",6
"FLUN","Nasal discharge discolouration",1
"FLUN","Nasal discomfort",1
"FLUN","Nasopharyngitis",6
"FLUN","Nausea",7
"FLUN","Neck pain",1
"FLUN","Nerve conduction studies abnormal",2
"FLUN","Neurological examination normal",2
"FLUN","Neutrophil count increased",1
"FLUN","Neutrophil count normal",1
"FLUN","Neutrophil percentage increased",1
"FLUN","Nitrite urine absent",1
"FLUN","No adverse event",5
"FLUN","Nodule",1
"FLUN","Nuclear magnetic resonance imaging",1
"FLUN","Nuclear magnetic resonance imaging abnormal",1
"FLUN","Nuclear magnetic resonance imaging brain abnormal",3
"FLUN","Nuclear magnetic resonance imaging brain normal",2
"FLUN","Nuclear magnetic resonance imaging normal",1
"FLUN","Nuclear magnetic resonance imaging spinal normal",1
"FLUN","Odynophagia",1
"FLUN","Oedema peripheral",1
"FLUN","Ophthalmological examination normal",2
"FLUN","Oral mucosal erythema",1
"FLUN","Oral pain",1
"FLUN","Oropharyngeal pain",18
"FLUN","Pain",11
"FLUN","Pain in extremity",9
"FLUN","Painful respiration",1
"FLUN","Pallor",9
"FLUN","Palmar-plantar erythrodysaesthesia syndrome",1
"FLUN","Palpitations",1
"FLUN","Paraesthesia",4
"FLUN","Paraesthesia oral",1
"FLUN","Parasite stool test negative",1
"FLUN","Peripheral coldness",1
"FLUN","Peripheral swelling",9
"FLUN","pH urine normal",1
"FLUN","Pharyngeal oedema",1
"FLUN","Pharyngeal paraesthesia",1
"FLUN","Pharyngitis streptococcal",1
"FLUN","Platelet count normal",1
"FLUN","Pleocytosis",2
"FLUN","Pleural effusion",1
"FLUN","Pneumonia",2
"FLUN","Pneumonitis",1
"FLUN","Pollakiuria",1
"FLUN","Polymerase chain reaction positive",1
"FLUN","Polyneuropathy",1
"FLUN","Postictal state",1
"FLUN","Pregnancy test positive",1
"FLUN","Presyncope",4
"FLUN","Product quality issue",1
"FLUN","Product storage error",3
"FLUN","Product used for unknown indication",1
"FLUN","Protein total decreased",1
"FLUN","Protein total normal",1
"FLUN","Protein urine absent",1
"FLUN","Protein urine present",1
"FLUN","Proteinuria",1
"FLUN","Prothrombin time prolonged",1
"FLUN","Pruritus",14
"FLUN","Pruritus generalised",3
"FLUN","Psychiatric symptom",1
"FLUN","Psychomotor hyperactivity",1
"FLUN","Pulmonary pain",1
"FLUN","Pupil dilation procedure",1
"FLUN","Pupillary reflex impaired",1
"FLUN","Purpura",2
"FLUN","Pyrexia",50
"FLUN","Rash",9
"FLUN","Rash erythematous",9
"FLUN","Rash generalised",5
"FLUN","Rash macular",2
"FLUN","Rash papular",1
"FLUN","Rash pruritic",2
"FLUN","Rash vesicular",2
"FLUN","Red blood cell count normal",2
"FLUN","Red blood cell sedimentation rate",1
"FLUN","Red blood cell sedimentation rate increased",1
"FLUN","Red blood cell sedimentation rate normal",2
"FLUN","Red cell distribution width normal",1
"FLUN","Renal function test normal",1
"FLUN","Respiration abnormal",1
"FLUN","Respiratory symptom",1
"FLUN","Respiratory syncytial virus test negative",1
"FLUN","Respiratory tract congestion",7
"FLUN","Respiratory tract infection",1
"FLUN","Respiratory viral panel",1
"FLUN","Restlessness",3
"FLUN","Rhinitis",1
"FLUN","Rhinorrhoea",17
"FLUN","Rhonchi",1
"FLUN","Romberg test positive",1
"FLUN","Scab",1
"FLUN","Scan with contrast normal",1
"FLUN","Seasonal allergy",1
"FLUN","Seizure",4
"FLUN","Sensation of foreign body",1
"FLUN","Sensory loss",2
"FLUN","Sinusitis",1
"FLUN","Skin burning sensation",1
"FLUN","Skin discolouration",1
"FLUN","Skin lesion",1
"FLUN","Skin swelling",1
"FLUN","Skin test positive",1
"FLUN","Skin warm",6
"FLUN","Sleep disorder",2
"FLUN","Slow response to stimuli",1
"FLUN","Sneezing",7
"FLUN","Somnolence",1
"FLUN","Specialist consultation",1
"FLUN","Specific gravity urine normal",1
"FLUN","Staphylococcus test negative",1
"FLUN","Stereotypy",1
"FLUN","Stool analysis normal",1
"FLUN","Streptococcal infection",1
"FLUN","Streptococcus test negative",4
"FLUN","Streptococcus test positive",1
"FLUN","Subdural haematoma",1
"FLUN","Sudden death",1
"FLUN","Swelling",5
"FLUN","Swelling face",5
"FLUN","Swollen tongue",1
"FLUN","Syncope",18
"FLUN","Temperature intolerance",1
"FLUN","Temperature perception test decreased",1
"FLUN","Tenderness",1
"FLUN","Throat irritation",3
"FLUN","Throat tightness",1
"FLUN","Thyroid function test normal",2
"FLUN","Tic",5
"FLUN","Tinnitus",1
"FLUN","Tonsillitis",1
"FLUN","Tooth fracture",1
"FLUN","Tremor",5
"FLUN","Trichotillomania",1
"FLUN","Type 1 diabetes mellitus",1
"FLUN","Ultrasound abdomen normal",1
"FLUN","Ultrasound Doppler normal",1
"FLUN","Ultrasound scan vagina normal",1
"FLUN","Unevaluable event",4
"FLUN","Unresponsive to stimuli",4
"FLUN","Upper respiratory tract infection",2
"FLUN","Upper-airway cough syndrome",1
"FLUN","Urinary incontinence",1
"FLUN","Urinary tract infection",1
"FLUN","Urine analysis",4
"FLUN","Urine analysis normal",2
"FLUN","Urine bilirubin increased",1
"FLUN","Urine ketone body absent",1
"FLUN","Urine leukocyte esterase",1
"FLUN","Urobilinogen urine",1
"FLUN","Urticaria",26
"FLUN","Vaccination complication",1
"FLUN","Vaccination site erythema",1
"FLUN","Vaccination site induration",1
"FLUN","Vibrio test positive",1
"FLUN","Viral infection",2
"FLUN","Viral test",1
"FLUN","Viral test negative",1
"FLUN","Vision blurred",1
"FLUN","Visual acuity tests normal",1
"FLUN","Visual impairment",4
"FLUN","Vitamin B12 normal",1
"FLUN","Vomiting",23
"FLUN","Weight decreased",1
"FLUN","Wheelchair user",1
"FLUN","Wheezing",9
"FLUN","White blood cell count increased",1
"FLUN","White blood cell count normal",1
"FLUN","Wrong drug administered",2
"FLUN","Xanthopsia",1
